Workbook

Sheet README
A1: Cross-Phase Integration Matrix — Pilot Study
A2: CSC 808 Mixed Methods Research | Rambel Stone | 2026-04-22
A4: PURPOSE
A5: This workbook integrates Phase 1 (QUAN, 78-document deductive scoring) with Phase 2 (QUAL, inductive thematic coding of development-process documents) using the Edgar and Manz (2017) four-criteria framework for mixed methods integration.
A7: EDGAR AND MANZ (2017) FOUR CRITERIA
A8: Convergence (CONV) | B8: QUAN and QUAL independently arrive at the same finding via different methods. Strongest form of integration.
A9: Complementarity (COMP) | B9: QUAN and QUAL each address a different facet of the same phenomenon. Findings do not overlap but jointly complete the picture.
A10: Expansion (EXPN) | B10: QUAL extends the QUAN finding into a new domain or dimension the QUAN method could not reach (e.g., process, language, organizational context).
A11: Explanation (EXPL) | B11: QUAL provides a causal or mechanistic account of a QUAN finding. QUAL tells us why the QUAN result looks the way it does.
A13: STRUCTURE — TWO-LAYER MATRIX
A14: Layer 1 — at-a-glance matrix | B14: Sheet 'Layer 1 Matrix'. Rows = Phase 2 themes (T1–T8). Columns = Phase 1 gap patterns (GP1–GP6). Each cell contains the Edgar & Manz criterion code or is blank. Cell color encodes the criterion.
A15: Layer 2 — evidence table | B15: Sheet 'Layer 2 Evidence'. One row per filled cell in Layer 1. Documents the specific Phase 2 passage anchor, the specific Phase 1 statistic, and a confidence note. This is the falsifiable, reviewable layer.
A16: Supporting sheets | B16: 'Gap Patterns' defines GP1–GP6. 'Phase 2 Themes' defines T1–T8. 'Criterion Counts' summarizes per-theme criterion distribution.
A18: METHODOLOGICAL NOTES
A19: Gap pattern derivation | B19: The six gap patterns were derived from the Phase 1 dataset's empirical structure rather than from Chapter 4 narrative framing. Each has a precise numerical signature (see 'Gap Patterns' sheet). This choice prioritizes empirical defensibility and reproducibility for the pilot study.
A20: Non-independence of GP1 and GP2 | B20: GP2 ⊂ GP1 (every D4-limited document is a score-1 document). The five documents in GP1 \ GP2 are co-limited by D1/D2 with D4 ≥ 2. This hierarchy is preserved in the matrix.
A21: CFTT paradox (GP3) | B21: The D3=5 ∧ D4=1 signature holds exclusively for the 14 CFTT Test Reports. Perfect 100% overlap, no noise. This is the most empirically clean pattern in the corpus.
A22: Theme 8 framing | B22: T8 (federal AI governance instability) is carried as a cross-document contextual theme rather than as an activated inductive code. See Decision Log Amendment #3 (2026-04-21).
A23: Pilot scale | B23: This is pilot work feeding dissertation design. Evidence confidence levels in Layer 2 are conservative; dissertation-scale analysis should add regression controls, post-2025 publication follow-up, and quantified anchor-document influence.
A25: INPUTS
A26: Phase 1 dataset | B26: CSC808_Phase1_Data__1_.csv (78 documents, scored on D1-D4)
A27: Phase 2 coding log | B27: CSC808_Phase2_CodingLog_RambelStone_updated_4-22-2026_PRIMARY_v4.xlsx (171 coded entries across 47-document Phase 2 corpus)
A28: Matrix 2 (eight QUAL themes) | B28: Coding log Emerging Patterns sheet, plus Theme 8 LaTeX draft from 2026-04-22

Sheet Gap Patterns
A1: ID | B1: Name | C1: Numerical signature | D1: Count (N=78) | E1: Description | F1: Phase 1 evidence | G1: Note
A2: GP1 | B2: Corpus-wide confidence floor | C2: doc_score = 1 | D2: 57 of 78 (73.1%) | E2: Nearly three-quarters of the corpus scores at the minimum aggregate confidence level under the min-score aggregation rule. Establishes the baseline prevalence of the AIDFIR gap and the dominant mode of the score distribution. | F2: Score distribution: 57 docs at score 1, 14 at score 2, 7 at score 3. Mean aggregate score ≈ 1.37. | G2: Not independent from GP2 — every GP2 document is a GP1 document (P1 ⊂ P2). Five GP1 documents fall outside GP2 (co-limited by D1/D2 with D4 ≥ 2).
A3: GP2 | B3: D4 as dominant limiter (AIDFIR gap) | C3: flag_d4_limited = 1 (D4 = minimum dimension) | D3: 52 of 78 (66.7%) | E3: D4 (AI-specific validation guidance) is the minimum dimension and therefore the limiting dimension under min-score aggregation. This is the corpus-level operational form of the AIDFIR gap. | F3: 52 of 78 documents are D4-limited. D4 corpus mean = 1.68 vs. D1 = 2.35, D2 = 2.40, D3 = 3.21. | G3: GP2 ⊂ GP1. The difference (GP1 \ GP2, n=5) comprises documents co-limited by D1/D2 with D4 ≥ 2 — a structurally distinct minority.
A4: GP3 | B4: CFTT reproducibility-validation paradox | C4: D3 = 5 ∧ D4 = 1 (maximum reproducibility, minimum AI validation) | D4: 14 of 78 (17.9%) | E4: The CFTT Test Report sub-corpus exhibits a structurally uniform profile (D1=3, D2=4, D3=5, D4=1) across all 14 documents. Reproducibility requirements are maximal while AI-specific validation is minimal in the same documents. | F4: 100% of CFTT Test Reports (14/14) match the paradox signature. Zero non-CFTT documents match. CFTT Test Specifications (n=3) show a near-paradox (D3=4, D4=1). Perfect exclusivity between the pattern and the sub-corpus. | G4: The most empirically striking pattern in the corpus. Demonstrates that high reproducibility standards do not entail AI-specific validation — the two are orthogonal under current NIST CFTT methodology.
A5: GP4 | B5: NIST-SWGDE cross-dimensional differential | C5: NIST > SWGDE on all four dimensions (org-based stratification) | D5: Entire corpus stratification (37 NIST vs. 41 SWGDE) | E5: NIST outscores SWGDE on every dimension. The differential is largest at D2, D3, and D4. The D4 differential is the most consequential for the AIDFIR gap: NIST mean 2.22, SWGDE mean 1.20 (Cohen's d ≈ 0.94). | F5: NIST vs. SWGDE dimension means: D1 (2.76 vs. 1.98, +0.78); D2 (3.00 vs. 1.85, +1.15); D3 (3.76 vs. 2.71, +1.05); D4 (2.22 vs. 1.20, +1.02, d ≈ 0.94). All four Welch t-tests significant. | G5: P1 in the dissertation proposition set. Explained in Phase 2 by organizational scope and update-frequency mechanisms; Phase 2 also clarifies that the NIST advantage concentrates in the NIST AI/RMF sub-family rather than across all NIST documents.
A6: GP5 | B6: AI presence without confidence integration | C6: d4_present = 1 (D4 ≥ 3) ∧ doc_score < 3 | D6: 19 of 78 (24.4%) — 13 NIST, 6 SWGDE | E6: AI-specific content is present (D4 ≥ 3) but aggregate confidence stays at floor or low-confidence levels because D1, D2, or D3 remain at 1 or 2. AI content has entered the document without being integrated into a confidence-measurement framework. | F6: 19 documents show d4_present=1 with doc_score<3. NIST AI/RMF core docs are prominent here (AI RMF 1.0, Playbook, CSF Profile for AI), along with several SWGDE Video/Image documents treating AI content. | G6: Distinct from GP2. GP2 = D4 is the floor. GP5 = D4 is elevated but something else is the floor. Different mechanism, different integration implication.
A7: GP6 | B7: Organizationally asymmetric temporal trajectory | C7: NIST D4 rising across year bands; SWGDE D4 flat | D7: Whole-corpus trend (year-band × org) | E7: Mean D4 by year band, split by organization: NIST 1.40 → 2.07 → 3.00 (2020-2021 → 2022-2023 → 2024-2025); SWGDE 1.40 → 1.00 → 1.21. NIST is improving on AI-specific validation; SWGDE is not. | F7: NIST D4 2020-2021 n=10 mean=1.40; 2022-2023 n=14 mean=2.07; 2024-2025 n=13 mean=3.00. SWGDE D4 2020-2021 n=5 mean=1.40; 2022-2023 n=8 mean=1.00; 2024-2025 n=28 mean=1.21. | G7: Also confirms that the NIST-SWGDE differential (GP4) is widening, not shrinking. Pilot-scale observation; dissertation-scale version should apply a regression with doc-family controls.

Sheet Phase 2 Themes
A1: ID | B1: Theme name | C1: Primary codes | D1: Anchor description
A2: T1 | B2: Organizational scope constraints | C2: ORG-01, ORG-02, ORG-03 | D2: SDO-level scope statements explicitly exclude AI content or restrict scope to non-AI forensic categories. Dominant in SWGDE Video/Imaging/Mobile sub-families; also present in NIST SP 800 cybersecurity documents that exclude AI deployment (e.g., SP 800-218A).
A3: T2 | B3: Validation methodology gap (technical) | C3: TEC-01, TEC-02 | D3: Validation procedures exist for non-AI tool categories but are absent, underspecified, or mathematically intractable for AI-based tools. Particularly visible in CFTT methodology, where the test harness assumes deterministic tool behavior.
A4: T3 | B4: Measurement complexity and benchmark incomparability | C4: TEC-01, TEC-03, TEC-04 | D4: Standards acknowledge that AI model evaluation is complex and that benchmarks across models are not directly comparable, but do not provide prescriptive confidence measurement protocols. NIST AI 100-2e2025 includes explicit non-recommendations on risk tolerance and a mathematical impossibility argument for ML confidence proofs.
A5: T4 | B5: Confidence-adjacent language without quantitative grounding | C5: CRS-01, CRS-02 | D5: Documents use competency, adequacy, and reliability language ('adequate to ensure competency', 'reliable results', 'appropriate confidence') without operational thresholds, rubrics, or quantitative standards. CRS flags are widely applied across the corpus.
A6: T5 | B6: Development-process and comment-cycle friction | C6: PRO-01, PRO-02, PRO-03 | D6: Public-comment cycles, working-group meetings, and revision pathways show evidence of stall, compressed timelines, or incomplete integration of submitted feedback on AI topics. Visible in NIST AI RMF development record and in SWGDE draft-to-final revision pairs.
A7: T6 | B7: Topical coverage gaps and deferred-to-future-cycle | C7: ORG-05, PRO-04 | D7: AI topics are identified as out-of-scope for the current cycle and explicitly deferred to a future version (e.g., 'will be included in a future revision'). Distinct from T1 (scope exclusion as policy) and T5 (process stall); this is scheduling-level deferral.
A8: T7 | B8: Codebook-constitutive document dependence | C8: ORG-06, ORG-07 (Decision Log 2026-04-18) | D8: Certain foundational documents (NIST SP 800-53 Rev. 5, AI RMF 1.0) serve as anchors for many other documents in the corpus. Their individual codings disproportionately determine aggregate patterns; saturation depends on including them. Documented as codebook-constitutive in the coding log.
A9: T8 | B9: Federal AI governance instability (external process barrier) | C9: EMER-01 (held); PRO-02, ORG-01, PRO-04 as applied | D9: Federal executive-branch policy reversals (EO 14110 rescission; AI Action Plan revision) propagate through standards documents as access failures, scope exclusions, and deferrals. Cross-document contextual theme, not an activated inductive code. Coding Log Entries #19, #98, #105; Decision Log Amendment #3 (2026-04-21).

Sheet Layer 1 Matrix
A1: Layer 1 — Cross-Phase Integration Matrix
A2: Rows: Phase 2 themes (T1–T8). Columns: Phase 1 gap patterns (GP1–GP6). Cells: Edgar & Manz criterion or blank.
A4: Theme | B4: GP1 Corpus-wide confidence floor | C4: GP2 D4 as dominant limiter (AIDFIR gap) | D4: GP3 CFTT reproducibility-validation paradox | E4: GP4 NIST-SWGDE cross-dimensional differential | F4: GP5 AI presence without confidence integration | G4: GP6 Organizationally asymmetric temporal trajectory
A5: T1 — Organizational scope constraints | B5: EXPL | C5: EXPL | E5: EXPL | F5: COMP | G5: EXPL
A6: T2 — Validation methodology gap (technical) | B6: EXPL | C6: EXPL | D6: EXPL | E6: COMP | F6: EXPL
A7: T3 — Measurement complexity and benchmark incomparability | B7: EXPL | C7: EXPL | F7: EXPL | G7: COMP
A8: T4 — Confidence-adjacent language without quantitative grounding | B8: CONV | C8: EXPN | D8: COMP | F8: EXPL
A9: T5 — Development-process and comment-cycle friction | B9: EXPN | E9: EXPL | G9: EXPL
A10: T6 — Topical coverage gaps and deferred-to-future-cycle | B10: EXPL | C10: EXPL | E10: COMP | F10: EXPL | G10: EXPL
A11: T7 — Codebook-constitutive document dependence | B11: EXPN | C11: EXPN | E11: EXPN
A12: T8 — Federal AI governance instability (external process barrier) | B12: EXPN | C12: EXPL | E12: COMP | F12: EXPL | G12: EXPL
A14: Legend
A15: CONV | B15: Convergence — QUAN and QUAL arrive at the same finding via different methods
A16: COMP | B16: Complementarity — QUAN and QUAL address different facets of the same question
A17: EXPN | B17: Expansion — QUAL extends QUAN into a new domain/dimension
A18: EXPL | B18: Explanation — QUAL provides a mechanism for a QUAN finding

Sheet Layer 2 Evidence
A1: Theme | B1: Gap pattern | C1: Criterion | D1: Mapping rationale | E1: Phase 2 anchor | F1: Phase 1 statistic | G1: Confidence
A2: T1: Organizational scope constraints | B2: GP1: Corpus-wide confidence floor | C2: EXPL | D2: SDO scope exclusions directly produce floor-level aggregate scores because excluded AI content forces D4 to 1, which under min-score aggregation forces doc_score to 1. | E2: Coding log Entries #98 (SP 800-218A §1.2 AI exclusion), #23, #84 (SWGDE Video scope statements). | F2: 57 of 78 docs at doc_score=1; D4 mean 1.68 corpus-wide. | G2: High confidence; mechanism is directly traceable from passage to score.
A3: T1: Organizational scope constraints | B3: GP2: D4 as dominant limiter (AIDFIR gap) | C3: EXPL | D3: Same mechanism as T1×GP1 at the dimension level: scope exclusion forces D4 to its floor, making D4 the limiting dimension. | E3: Coding log Entries #98, #23, #84; ORG-01 applications broadly. | F3: 52 of 78 docs D4-limited; ORG-01 is the most frequent primary code in the Phase 2 log. | G3: High confidence.
A4: T1: Organizational scope constraints | B4: GP4: NIST-SWGDE cross-dimensional differential | C4: EXPL | D4: SWGDE's sub-discipline scope (Video, Imaging, Mobile, Forensics) limits AI integration more than NIST's general-purpose scope. Explains a measurable share of the +1.02 D4 differential. | E4: Coding log Entries #83, #127, #139, #175 (SWGDE sub-discipline scope statements). | F4: NIST D4 2.22 vs. SWGDE D4 1.20; Cohen's d ≈ 0.94. | G4: Moderate-to-high; should be paired with T5 (process) and T8 (governance) for full account of the differential.
A5: T1: Organizational scope constraints | B5: GP5: AI presence without confidence integration | C5: COMP | D5: A subset of AI-present documents have partial scope coverage of AI (SWGDE Image Authentication, Content Analysis) where AI is named but scope does not extend to validation practices. | E5: Coding log Entries for Docs #75-78 (SWGDE image/video with partial AI coverage). | F5: 19 AI-present but low-score documents; 6 are SWGDE. | G5: Moderate; complementarity rather than full explanation.
A6: T1: Organizational scope constraints | B6: GP6: Organizationally asymmetric temporal trajectory | C6: EXPL | D6: SWGDE scope has not expanded to cover AI deployment over the study period, so D4 trajectory is flat regardless of AI developments outside the SDO. | E6: Coding log entries on SWGDE document coverage across 2020-2025. | F6: SWGDE D4 trajectory: 1.40 → 1.00 → 1.21 across three year bands. | G6: High confidence.
A7: T2: Validation methodology gap (technical) | B7: GP1: Corpus-wide confidence floor | C7: EXPL | D7: Absence of AI-applicable validation methodology prevents D4 from rising above 1 in operational documents, which forces doc_score to 1. | E7: Coding log Entries covering TEC-01, TEC-02 across NIST and SWGDE corpora. | F7: 57 of 78 docs at score 1; TEC-01/TEC-02 frequent in Phase 2 log. | G7: High confidence; the inverse relationship is structurally grounded.
A8: T2: Validation methodology gap (technical) | B8: GP2: D4 as dominant limiter (AIDFIR gap) | C8: EXPL | D8: D4-limited pattern follows directly from validation methodology absence. Where methodology is articulated (e.g., AI RMF Playbook), D4 rises. | E8: Coding log entries where TEC-01/TEC-02 applied; contrasted with Doc #2 (AI RMF Playbook, D4=4) where methodology framework exists. | F8: 52 of 78 D4-limited; documents with D4 ≥ 3 concentrate in NIST AI/RMF sub-family. | G8: High confidence.
A9: T2: Validation methodology gap (technical) | B9: GP3: CFTT reproducibility-validation paradox | C9: EXPL | D9: CFTT methodology was designed for deterministic tools (write blockers, disk imagers) with bit-level reproducibility. Applied to AI tools it yields D3=5 (reproducibility maximal) but D4=1 (no AI validation framework integrated). Core mechanism. | E9: Coding log entries on CFTT methodology; Decision Log noting CFTT as codebook-constitutive. | F9: 14/14 CFTT Test Reports with exact D1=3, D2=4, D3=5, D4=1 signature. | G9: Very high confidence; the uniformity of the CFTT signature is definitive.
A10: T2: Validation methodology gap (technical) | B10: GP4: NIST-SWGDE cross-dimensional differential | C10: COMP | D10: Both organizations lack AI validation methodology, but for different reasons. NIST has begun articulating methodology in AI/RMF family; SWGDE's sub-disciplines have not. | E10: Coding log TEC-01/TEC-02 applications split by source_family. | F10: NIST D4 higher primarily via AI/RMF; SWGDE D4 uniformly low. | G10: Moderate; complementarity characterization is interpretive.
A11: T2: Validation methodology gap (technical) | B11: GP5: AI presence without confidence integration | C11: EXPL | D11: AI content can be present (D4 ≥ 3) while validation methodology is absent, leaving D1 or D2 as the limiting dimension. This is the operational form of 'acknowledge AI, cannot yet validate'. | E11: Coding log entries on NIST AI RMF, CSF AI Profile. | F11: 19 docs AI-present but score < 3; D4 ≥ 3 with D1 or D2 = 1-2. | G11: High confidence.
A12: T3: Measurement complexity and benchmark incomparability | B12: GP1: Corpus-wide confidence floor | C12: EXPL | D12: Mathematical and measurement complexity arguments (impossibility of confidence proofs for ML models; benchmark incomparability) provide a structural floor beyond which D4 cannot rise under current standards. | E12: Coding log Entries #75 (NIST AI 100-2e2025 benchmark incomparability), #76 (NIST non-recommendation on risk tolerance). | F12: 57 of 78 docs at score 1; D4 corpus mean 1.68. | G12: High; Phase 2 passages explicitly articulate the structural barrier.
... A35: T8: Federal AI governance instability (external process barrier) | B35: GP6: Organizationally asymmetric temporal trajectory | C35: EXPL | D35: NIST D4 2024-2025 rise (to mean 3.00) partially reflects publication pace before the January 2025 rescission; post-rescission publications may show different trajectory. Pilot-scale observation; requires post-2025 follow-up. | E35: Coding log entries on pre/post EO 14110 rescission publication patterns. | F35: NIST D4 2024-2025 n=13 mean=3.00. | G35: Low-to-moderate; pilot-scale with small post-rescission n.

Sheet Criterion Counts
A1: Theme | B1: CONV | C1: COMP | D1: EXPN | E1: EXPL | F1: Total filled | G1: Total possible | H1: Coverage
A2: T1: Organizational scope constraints | B2: =COUNTIF('Layer 1 Matrix'!B5:G5,"CONV") -> 0 | C2: =COUNTIF('Layer 1 Matrix'!B5:G5,"COMP") -> 1 | D2: =COUNTIF('Layer 1 Matrix'!B5:G5,"EXPN") -> 0 | E2: =COUNTIF('Layer 1 Matrix'!B5:G5,"EXPL") -> 4 | F2: =SUM(B2:E2) -> 5 | G2: 6 | H2: =F2/G2 -> 0.83333333
A3: T2: Validation methodology gap (technical) | B3: =COUNTIF('Layer 1 Matrix'!B6:G6,"CONV") -> 0 | C3: =COUNTIF('Layer 1 Matrix'!B6:G6,"COMP") -> 1 | D3: =COUNTIF('Layer 1 Matrix'!B6:G6,"EXPN") -> 0 | E3: =COUNTIF('Layer 1 Matrix'!B6:G6,"EXPL") -> 4 | F3: =SUM(B3:E3) -> 5 | G3: 6 | H3: =F3/G3 -> 0.83333333
A4: T3: Measurement complexity and benchmark incomparability | B4: =COUNTIF('Layer 1 Matrix'!B7:G7,"CONV") -> 0 | C4: =COUNTIF('Layer 1 Matrix'!B7:G7,"COMP") -> 1 | D4: =COUNTIF('Layer 1 Matrix'!B7:G7,"EXPN") -> 0 | E4: =COUNTIF('Layer 1 Matrix'!B7:G7,"EXPL") -> 3 | F4: =SUM(B4:E4) -> 4 | G4: 6 | H4: =F4/G4 -> 0.66666667
A5: T4: Confidence-adjacent language without quantitative grounding | B5: =COUNTIF('Layer 1 Matrix'!B8:G8,"CONV") -> 1 | C5: =COUNTIF('Layer 1 Matrix'!B8:G8,"COMP") -> 1 | D5: =COUNTIF('Layer 1 Matrix'!B8:G8,"EXPN") -> 1 | E5: =COUNTIF('Layer 1 Matrix'!B8:G8,"EXPL") -> 1 | F5: =SUM(B5:E5) -> 4 | G5: 6 | H5: =F5/G5 -> 0.66666667
A6: T5: Development-process and comment-cycle friction | B6: =COUNTIF('Layer 1 Matrix'!B9:G9,"CONV") -> 0 | C6: =COUNTIF('Layer 1 Matrix'!B9:G9,"COMP") -> 0 | D6: =COUNTIF('Layer 1 Matrix'!B9:G9,"EXPN") -> 1 | E6: =COUNTIF('Layer 1 Matrix'!B9:G9,"EXPL") -> 2 | F6: =SUM(B6:E6) -> 3 | G6: 6 | H6: =F6/G6 -> 0.5
A7: T6: Topical coverage gaps and deferred-to-future-cycle | B7: =COUNTIF('Layer 1 Matrix'!B10:G10,"CONV") -> 0 | C7: =COUNTIF('Layer 1 Matrix'!B10:G10,"COMP") -> 1 | D7: =COUNTIF('Layer 1 Matrix'!B10:G10,"EXPN") -> 0 | E7: =COUNTIF('Layer 1 Matrix'!B10:G10,"EXPL") -> 4 | F7: =SUM(B7:E7) -> 5 | G7: 6 | H7: =F7/G7 -> 0.83333333
A8: T7: Codebook-constitutive document dependence | B8: =COUNTIF('Layer 1 Matrix'!B11:G11,"CONV") -> 0 | C8: =COUNTIF('Layer 1 Matrix'!B11:G11,"COMP") -> 0 | D8: =COUNTIF('Layer 1 Matrix'!B11:G11,"EXPN") -> 3 | E8: =COUNTIF('Layer 1 Matrix'!B11:G11,"EXPL") -> 0 | F8: =SUM(B8:E8) -> 3 | G8: 6 | H8: =F8/G8 -> 0.5
A9: T8: Federal AI governance instability (external process barrier) | B9: =COUNTIF('Layer 1 Matrix'!B12:G12,"CONV") -> 0 | C9: =COUNTIF('Layer 1 Matrix'!B12:G12,"COMP") -> 1 | D9: =COUNTIF('Layer 1 Matrix'!B12:G12,"EXPN") -> 1 | E9: =COUNTIF('Layer 1 Matrix'!B12:G12,"EXPL") -> 3 | F9: =SUM(B9:E9) -> 5 | G9: 6 | H9: =F9/G9 -> 0.83333333
A10: Total (all themes) | B10: =SUM(B2:B9) -> 1 | C10: =SUM(C2:C9) -> 6 | D10: =SUM(D2:D9) -> 6 | E10: =SUM(E2:E9) -> 21 | F10: =SUM(F2:F9) -> 34 | G10: =SUM(G2:G9) -> 48 | H10: =F10/G10 -> 0.70833333
